{"errors":[],"warnings":[],"namedChunkGroups":{"app":{"chunks":[9,2],"assets":["webpack-runtime-e8244a737e992761ddf7.js","webpack-runtime-e8244a737e992761ddf7.js.map","app-d112ef41723cf83a20c4.js","app-d112ef41723cf83a20c4.js.map"],"children":{},"childAssets":{}},"component---src-templates-blog-post-js":{"chunks":[0,1,3],"assets":["0.5aad75f584fd292ca2ff.css","0-e31e15d12acbd43dcd06.js","0.5aad75f584fd292ca2ff.css.map","0-e31e15d12acbd43dcd06.js.map","1.684281d55c0e8dd874da.css","1-d0555e3d282bb7f784b5.js","1.684281d55c0e8dd874da.css.map","1-d0555e3d282bb7f784b5.js.map","component---src-templates-blog-post-js-1d3fcfad4e0f2a0027f6.js","component---src-templates-blog-post-js-1d3fcfad4e0f2a0027f6.js.map"],"children":{},"childAssets":{}},"component---src-pages-404-js":{"chunks":[0,4],"assets":["0.5aad75f584fd292ca2ff.css","0-e31e15d12acbd43dcd06.js","0.5aad75f584fd292ca2ff.css.map","0-e31e15d12acbd43dcd06.js.map","component---src-pages-404-js.684281d55c0e8dd874da.css","component---src-pages-404-js-aab40ebafabbe2b787ed.js","component---src-pages-404-js.684281d55c0e8dd874da.css.map","component---src-pages-404-js-aab40ebafabbe2b787ed.js.map"],"children":{},"childAssets":{}},"component---src-pages-about-js":{"chunks":[0,1,5],"assets":["0.5aad75f584fd292ca2ff.css","0-e31e15d12acbd43dcd06.js","0.5aad75f584fd292ca2ff.css.map","0-e31e15d12acbd43dcd06.js.map","1.684281d55c0e8dd874da.css","1-d0555e3d282bb7f784b5.js","1.684281d55c0e8dd874da.css.map","1-d0555e3d282bb7f784b5.js.map","component---src-pages-about-js-11c180d1a659d65a7df0.js","component---src-pages-about-js-11c180d1a659d65a7df0.js.map"],"children":{},"childAssets":{}},"component---src-pages-articles-js":{"chunks":[0,1,6],"assets":["0.5aad75f584fd292ca2ff.css","0-e31e15d12acbd43dcd06.js","0.5aad75f584fd292ca2ff.css.map","0-e31e15d12acbd43dcd06.js.map","1.684281d55c0e8dd874da.css","1-d0555e3d282bb7f784b5.js","1.684281d55c0e8dd874da.css.map","1-d0555e3d282bb7f784b5.js.map","component---src-pages-articles-js-16baa75ac6c69565bb03.js","component---src-pages-articles-js-16baa75ac6c69565bb03.js.map"],"children":{},"childAssets":{}},"component---src-pages-index-js":{"chunks":[0,1,7],"assets":["0.5aad75f584fd292ca2ff.css","0-e31e15d12acbd43dcd06.js","0.5aad75f584fd292ca2ff.css.map","0-e31e15d12acbd43dcd06.js.map","1.684281d55c0e8dd874da.css","1-d0555e3d282bb7f784b5.js","1.684281d55c0e8dd874da.css.map","1-d0555e3d282bb7f784b5.js.map","component---src-pages-index-js-c36da1c9decb6446b946.js","component---src-pages-index-js-c36da1c9decb6446b946.js.map"],"children":{},"childAssets":{}}},"assetsByChunkName":{"app":["webpack-runtime-e8244a737e992761ddf7.js","app-d112ef41723cf83a20c4.js"],"component---src-templates-blog-post-js":["0.5aad75f584fd292ca2ff.css","0-e31e15d12acbd43dcd06.js","1.684281d55c0e8dd874da.css","1-d0555e3d282bb7f784b5.js","component---src-templates-blog-post-js-1d3fcfad4e0f2a0027f6.js"],"component---src-pages-404-js":["0.5aad75f584fd292ca2ff.css","0-e31e15d12acbd43dcd06.js","component---src-pages-404-js.684281d55c0e8dd874da.css","component---src-pages-404-js-aab40ebafabbe2b787ed.js"],"component---src-pages-about-js":["0.5aad75f584fd292ca2ff.css","0-e31e15d12acbd43dcd06.js","1.684281d55c0e8dd874da.css","1-d0555e3d282bb7f784b5.js","component---src-pages-about-js-11c180d1a659d65a7df0.js"],"component---src-pages-articles-js":["0.5aad75f584fd292ca2ff.css","0-e31e15d12acbd43dcd06.js","1.684281d55c0e8dd874da.css","1-d0555e3d282bb7f784b5.js","component---src-pages-articles-js-16baa75ac6c69565bb03.js"],"component---src-pages-index-js":["0.5aad75f584fd292ca2ff.css","0-e31e15d12acbd43dcd06.js","1.684281d55c0e8dd874da.css","1-d0555e3d282bb7f784b5.js","component---src-pages-index-js-c36da1c9decb6446b946.js"]}}